-- phpMyAdmin SQL Dump
-- version 4.9.1
-- https://www.phpmyadmin.net/
--
-- Host: 127.0.0.1
-- Generation Time: Jul 11, 2022 at 06:41 AM
-- Server version: 10.4.8-MariaDB
-- PHP Version: 7.3.10

SET SQL_MODE = "NO_AUTO_VALUE_ON_ZERO";
SET AUTOCOMMIT = 0;
START TRANSACTION;
SET time_zone = "+00:00";


/*!40101 SET @OLD_CHARACTER_SET_CLIENT=@@CHARACTER_SET_CLIENT */;
/*!40101 SET @OLD_CHARACTER_SET_RESULTS=@@CHARACTER_SET_RESULTS */;
/*!40101 SET @OLD_COLLATION_CONNECTION=@@COLLATION_CONNECTION */;
/*!40101 SET NAMES utf8mb4 */;

--
-- Database: `sistem_pakar`
--

-- --------------------------------------------------------

--
-- Table structure for table `gejala`
--

CREATE TABLE `gejala` (
  `id` int(11) NOT NULL,
  `kode_gejala` char(4) NOT NULL,
  `nama_gejala` varchar(255) NOT NULL
) ENGINE=InnoDB DEFAULT CHARSET=utf8mb4;

--
-- Dumping data for table `gejala`
--

INSERT INTO `gejala` (`id`, `kode_gejala`, `nama_gejala`) VALUES
(1, 'G001', 'Terdapat virus'),
(2, 'G002', 'Gagal Update'),
(3, 'G003', 'Versi windows sudah tidak mendukung'),
(4, 'G005', 'Vga yang rusak'),
(5, 'G006', 'Rusak pada Power Supply'),
(6, 'G007', 'Ram yang rusak'),
(7, 'G008', 'Bunyi beep 3x di Memory RAM'),
(8, 'G009', 'Port kabel monitor bermasalah'),
(9, 'G010', 'Powe Supply yang lemah'),
(10, 'G011', 'Chipset yang panas'),
(11, 'G012', 'Kerusakan pada sistem operasi'),
(12, 'G013', 'Tidak bisa keluar masuk CD'),
(15, 'G014', 'Tidak bisa membaca atau menulis data CD'),
(22, 'G004', 'Terdapat gelembung elko di motherboard'),
(24, 'G015', 'DVD tidak terdeteksi di Windows');

-- --------------------------------------------------------

--
-- Table structure for table `hasil_diagnosa`
--

CREATE TABLE `hasil_diagnosa` (
  `id` int(11) NOT NULL,
  `kode_kerusakan` varchar(10) NOT NULL,
  `nama_kerusakan` varchar(50) NOT NULL,
  `kepercayaan` float NOT NULL,
  `keterangan` varchar(255) NOT NULL,
  `solusi` varchar(255) NOT NULL,
  `created_at` timestamp NOT NULL DEFAULT current_timestamp()
) ENGINE=InnoDB DEFAULT CHARSET=utf8mb4;

--
-- Dumping data for table `hasil_diagnosa`
--

INSERT INTO `hasil_diagnosa` (`id`, `kode_kerusakan`, `nama_kerusakan`, `kepercayaan`, `keterangan`, `solusi`, `created_at`) VALUES
(19, 'K001', 'Windows Crash', 40, 'Reinstall Windows', '', '2022-06-15 09:15:48'),
(20, 'K001', 'Windows Crash', 40, 'Reinstall Windows', '', '2022-06-15 09:16:28'),
(21, 'K001', 'Windows Crash', 40, 'Reinstall Windows', '', '2022-06-15 09:19:36'),
(22, 'K001', 'Windows Crash', 10, 'Reinstall Windows', '', '2022-06-15 09:24:21'),
(23, 'K001', 'Windows Crash', 60, 'Reinstall Windows', '', '2022-06-15 09:24:46'),
(24, 'K001', 'Windows Crash', 40, 'Reinstall Windows', '', '2022-06-15 09:25:56'),
(25, 'K001', 'Windows Crash', 60, 'Reinstall Windows', '', '2022-06-15 09:26:10'),
(26, 'K001', 'Windows Crash', 60, 'Reinstall Windows', '', '2022-06-16 06:25:06'),
(27, 'K001', 'Windows Crash', 60, 'Reinstall Windows', '', '2022-06-18 10:36:51'),
(28, 'K001', 'Windows Crash', 60, 'Reinstall Windows', '', '2022-06-18 10:37:01'),
(29, 'K001', 'Windows Crash', 60, 'Reinstall Windows', '', '2022-06-18 15:39:46'),
(30, 'K001', 'Windows Crash', -25, 'Reinstall Windows', '', '2022-06-19 11:00:13'),
(31, 'K001', 'Windows Crash', 50, 'Reinstall Windows', '', '2022-06-19 11:01:30'),
(32, 'K001', 'Windows Crash', 20, 'Reinstall Windows', '', '2022-06-19 11:02:20'),
(33, 'K001', 'Windows Crash', 20, 'Reinstall Windows', '', '2022-06-19 11:03:47'),
(34, 'K001', 'Windows Crash', 20, 'Reinstall Windows', '', '2022-06-21 09:00:21'),
(35, 'K001', 'Windows Crash', 20, 'Reinstall Windows', '', '2022-06-21 09:07:04'),
(36, 'K001', 'Windows Crash', 20, 'Reinstall Windows', '', '2022-06-21 09:08:53'),
(37, 'K001', 'Windows Crash', 20, 'Reinstall Windows', '', '2022-06-21 09:15:26'),
(38, 'K001', 'Windows Crash', 20, 'Reinstall Windows', '', '2022-06-21 09:16:07'),
(39, 'K001', 'Windows Crash', 20, 'Reinstall Windows', '', '2022-06-21 09:16:28'),
(40, 'K001', 'Windows Crash', 20, 'Reinstall Windows', '', '2022-06-21 09:16:55'),
(41, 'K001', 'Windows Crash', 20, 'Reinstall Windows', '', '2022-06-21 09:17:03'),
(42, 'K001', 'Windows Crash', 20, 'Reinstall Windows', '', '2022-06-21 09:17:33'),
(43, 'K001', 'Windows Crash', 20, 'Reinstall Windows', '', '2022-06-21 09:18:03'),
(44, 'K001', 'Windows Crash', 20, 'Reinstall Windows', '', '2022-06-21 09:18:13'),
(45, 'K001', 'Windows Crash', 20, 'Reinstall Windows', '', '2022-06-21 09:18:36'),
(46, 'K001', 'Windows Crash', 20, 'Reinstall Windows', '', '2022-06-21 09:18:52'),
(47, 'K001', 'Windows Crash', 20, 'Reinstall Windows', '', '2022-06-21 09:19:07'),
(48, 'K001', 'Windows Crash', 20, 'Reinstall Windows', '', '2022-06-21 09:19:34'),
(49, 'K001', 'Windows Crash', 20, 'Reinstall Windows', '', '2022-06-21 09:20:28'),
(50, 'K001', 'Windows Crash', 20, 'Reinstall Windows', '', '2022-06-21 09:21:17'),
(51, 'K001', 'Windows Crash', 20, 'Reinstall Windows', '', '2022-06-21 09:21:38'),
(52, 'K001', 'Windows Crash', 20, 'Reinstall Windows', '', '2022-06-21 09:21:57'),
(53, 'K001', 'Windows Crash', 20, 'Reinstall Windows', '', '2022-06-21 09:22:36'),
(54, 'K001', 'Windows Crash', 20, 'Reinstall Windows', '', '2022-06-21 09:23:02'),
(55, 'K001', 'Windows Crash', 20, 'Reinstall Windows', '', '2022-06-21 09:23:20'),
(56, 'K001', 'Windows Crash', 20, 'Reinstall Windows', '', '2022-06-21 09:23:31'),
(57, 'K001', 'Windows Crash', 20, 'Reinstall Windows', '', '2022-06-24 15:27:36'),
(58, 'K001', 'Windows Crash', 20, 'Reinstall Windows', '', '2022-06-24 15:29:41'),
(59, 'K002', 'Mati total', -50, 'Pastikan arus listrik aman dan tidak bermasalah, setelah itu periksa kabel CPU dengan cara memeriksa kabel power yang terhubung dengan power supply. Periksa semua koneksi kabel power supply, jika komputer mati dikarenakan power supply maka perlu diganti d', '', '2022-06-24 15:29:59'),
(60, 'K001', 'Windows Crash', 4, 'Reinstall Windows', '', '2022-06-24 15:45:14'),
(61, 'K001', 'Windows Crash', 4, 'Reinstall Windows', '', '2022-06-24 15:45:29'),
(62, 'K001', 'Windows Crash', 30, 'Reinstall Windows', '', '2022-06-24 15:46:37'),
(63, 'K002', 'Mati total', 60, 'Pastikan arus listrik aman dan tidak bermasalah, setelah itu periksa kabel CPU dengan cara memeriksa kabel power yang terhubung dengan power supply. Periksa semua koneksi kabel power supply, jika komputer mati dikarenakan power supply maka perlu diganti d', '', '2022-06-24 15:47:31'),
(64, 'K002', 'Mati total', 48, 'Pastikan arus listrik aman dan tidak bermasalah, setelah itu periksa kabel CPU dengan cara memeriksa kabel power yang terhubung dengan power supply. Periksa semua koneksi kabel power supply, jika komputer mati dikarenakan power supply maka perlu diganti d', '', '2022-06-24 15:48:18'),
(65, 'K002', 'Mati total', 48, 'Pastikan arus listrik aman dan tidak bermasalah, setelah itu periksa kabel CPU dengan cara memeriksa kabel power yang terhubung dengan power supply. Periksa semua koneksi kabel power supply, jika komputer mati dikarenakan power supply maka perlu diganti d', '', '2022-06-26 07:27:23'),
(66, 'K002', 'Mati total', 60, 'Pastikan arus listrik aman dan tidak bermasalah, setelah itu periksa kabel CPU dengan cara memeriksa kabel power yang terhubung dengan power supply. Periksa semua koneksi kabel power supply, jika komputer mati dikarenakan power supply maka perlu diganti d', '', '2022-06-26 07:29:53'),
(67, 'K002', 'Mati total', 80, 'Pastikan arus listrik aman dan tidak bermasalah, setelah itu periksa kabel CPU dengan cara memeriksa kabel power yang terhubung dengan power supply. Periksa semua koneksi kabel power supply, jika komputer mati dikarenakan power supply maka perlu diganti d', '', '2022-06-26 07:54:16'),
(68, 'K002', 'Mati total', 80, 'Pastikan arus listrik aman dan tidak bermasalah, setelah itu periksa kabel CPU dengan cara memeriksa kabel power yang terhubung dengan power supply. Periksa semua koneksi kabel power supply, jika komputer mati dikarenakan power supply maka perlu diganti d', '', '2022-06-26 12:38:36'),
(69, 'K001', 'Windows Crash', 73, 'Reinstall Windows', '', '2022-06-26 12:43:35'),
(70, 'K001', 'Windows Crash', 57, 'Reinstall Windows', '', '2022-06-26 12:44:38'),
(71, 'K001', 'Windows Crash', 45, 'Reinstall Windows', '', '2022-06-26 12:45:25'),
(72, 'K001', 'Windows Crash', -30, 'Reinstall Windows', '', '2022-06-26 12:45:51'),
(73, 'K001', 'Windows Crash', -9, 'Reinstall Windows', '', '2022-06-26 12:46:28'),
(74, 'K001', 'Windows Crash', 35, 'Reinstall Windows', '', '2022-06-26 12:47:25'),
(75, 'K001', 'Windows Crash', -18, 'Reinstall Windows', '', '2022-06-26 12:50:28'),
(76, 'K001', 'Windows Crash', 46, 'Reinstall Windows', '', '2022-06-26 12:51:00'),
(77, 'K002', 'Mati total', 80, 'Pastikan arus listrik aman dan tidak bermasalah, setelah itu periksa kabel CPU dengan cara memeriksa kabel power yang terhubung dengan power supply. Periksa semua koneksi kabel power supply, jika komputer mati dikarenakan power supply maka perlu diganti d', '', '2022-06-26 12:51:19'),
(78, 'K001', 'Windows Crash', 66, 'Reinstall Windows', '', '2022-06-26 12:51:57'),
(79, 'K001', 'Windows Crash', 81, 'Reinstall Windows', '', '2022-06-26 12:52:23'),
(80, 'K001', 'Windows Crash', 81, 'Reinstall Windows', '', '2022-06-26 12:52:46'),
(81, 'K001', 'Windows Crash', 81, 'Reinstall Windows', '', '2022-06-26 12:53:05'),
(82, 'K001', 'Windows Crash', 72, 'Reinstall Windows', '', '2022-06-26 12:53:26'),
(83, 'K001', 'Windows Crash', 64, 'Reinstall Windows', '', '2022-06-26 12:53:50'),
(84, 'K001', 'Windows Crash', 81, 'Reinstall Windows', '', '2022-06-26 12:54:38'),
(85, 'K001', 'Windows Crash', 81, 'Reinstall Windows', '', '2022-06-26 12:54:59'),
(86, 'K002', 'Mati total', 60, 'Pastikan arus listrik aman dan tidak bermasalah, setelah itu periksa kabel CPU dengan cara memeriksa kabel power yang terhubung dengan power supply. Periksa semua koneksi kabel power supply, jika komputer mati dikarenakan power supply maka perlu diganti d', '', '2022-06-26 12:55:12'),
(87, 'K001', 'Windows Crash', 81, 'Reinstall Windows', '', '2022-06-26 12:56:01'),
(88, 'K001', 'Windows Crash', 60, 'Reinstall Windows', '', '2022-06-26 13:03:46'),
(89, 'K001', 'Windows Crash', 60, 'Reinstall Windows', '', '2022-06-26 13:03:46'),
(90, 'K001', 'Windows Crash', 72, 'Reinstall Windows', '', '2022-06-26 13:05:12'),
(91, 'K001', 'Windows Crash', 56, 'Reinstall Windows', '', '2022-06-26 13:08:30'),
(92, 'K001', 'Windows Crash', 35, 'Reinstall Windows', '', '2022-06-26 13:09:02'),
(93, 'K001', 'Windows Crash', 65, 'Reinstall Windows', '', '2022-06-26 13:17:43'),
(94, 'K002', 'Mati total', 91, 'Pastikan arus listrik aman dan tidak bermasalah, setelah itu periksa kabel CPU dengan cara memeriksa kabel power yang terhubung dengan power supply. Periksa semua koneksi kabel power supply, jika komputer mati dikarenakan power supply maka perlu diganti d', '', '2022-06-26 13:18:10'),
(95, 'K001', 'Windows Crash', 65, 'Reinstall Windows', '', '2022-06-26 13:18:55'),
(96, 'K002', 'Mati total', 91, 'Pastikan arus listrik aman dan tidak bermasalah, setelah itu periksa kabel CPU dengan cara memeriksa kabel power yang terhubung dengan power supply. Periksa semua koneksi kabel power supply, jika komputer mati dikarenakan power supply maka perlu diganti d', '', '2022-06-26 13:19:06'),
(97, 'K001', 'Windows Crash', 75, 'Reinstall Windows', '', '2022-06-26 13:19:42'),
(98, 'K001', 'Windows Crash', 25, 'Reinstall Windows', '', '2022-06-26 13:21:55'),
(99, 'K001', 'Windows Crash', 75, 'Reinstall Windows', '', '2022-06-26 13:29:36'),
(100, 'K001', 'Windows Crash', 55, 'Reinstall Windows', '', '2022-06-26 13:29:59'),
(101, 'K001', 'Windows Crash', 65, 'Reinstall Windows', '', '2022-06-26 13:30:16'),
(102, 'K001', 'Windows Crash', 75.5, 'Reinstall Windows', '', '2022-06-26 13:32:20'),
(103, 'K002', 'Mati total', 91.9, 'Pastikan arus listrik aman dan tidak bermasalah, setelah itu periksa kabel CPU dengan cara memeriksa kabel power yang terhubung dengan power supply. Periksa semua koneksi kabel power supply, jika komputer mati dikarenakan power supply maka perlu diganti d', '', '2022-06-26 13:32:40'),
(104, 'K001', 'Windows Crash', 72, 'Reinstall Windows', '', '2022-06-26 13:37:52'),
(105, 'K001', 'Windows Crash', 65, 'Reinstall Windows', '', '2022-06-26 13:40:32'),
(106, 'K001', 'Windows Crash', 75.5, 'Reinstall Windows', '', '2022-06-26 13:40:50'),
(107, 'K001', 'Windows Crash', -10.5, 'Reinstall Windows', '', '2022-06-26 13:42:27'),
(108, 'K001', 'Windows Crash', -10.5, 'Reinstall Windows', '', '2022-06-26 13:45:26'),
(109, 'K001', 'Windows Crash', -10.5, 'Reinstall Windows', '', '2022-06-26 13:45:31'),
(110, 'K001', 'Windows Crash', 75.5, 'Reinstall Windows', '', '2022-06-26 13:45:37'),
(111, 'K003', 'Layar monitor tidak menyala', 100, 'Layar montior tidak menyala terjadi pada saat komputer telah dihidupkan namun kondisi monitor tetap tidak menyala dan tidak menampilkan apa-apa.', '', '2022-06-26 14:07:18'),
(112, 'K003', 'Layar monitor tidak menyala', 100, 'Layar montior tidak menyala terjadi pada saat komputer telah dihidupkan namun kondisi monitor tetap tidak menyala dan tidak menampilkan apa-apa.', '', '2022-06-26 14:08:41'),
(113, 'K003', 'Layar monitor tidak menyala', 100, 'Layar montior tidak menyala terjadi pada saat komputer telah dihidupkan namun kondisi monitor tetap tidak menyala dan tidak menampilkan apa-apa.', '', '2022-06-26 14:08:41'),
(114, 'K002', 'Mati total', 80, 'Pastikan arus listrik aman dan tidak bermasalah, setelah itu periksa kabel CPU dengan cara memeriksa kabel power yang terhubung dengan power supply. Periksa semua koneksi kabel power supply, jika komputer mati dikarenakan power supply maka perlu diganti d', '', '2022-06-26 14:09:11'),
(115, 'K002', 'Mati total', 72, 'Pastikan arus listrik aman dan tidak bermasalah, setelah itu periksa kabel CPU dengan cara memeriksa kabel power yang terhubung dengan power supply. Periksa semua koneksi kabel power supply, jika komputer mati dikarenakan power supply maka perlu diganti d', '', '2022-06-26 14:09:51'),
(116, 'K003', 'Layar monitor tidak menyala', 100, 'Layar montior tidak menyala terjadi pada saat komputer telah dihidupkan namun kondisi monitor tetap tidak menyala dan tidak menampilkan apa-apa.', '', '2022-06-26 14:10:02'),
(117, 'K003', 'Layar monitor tidak menyala', 100, 'Layar montior tidak menyala terjadi pada saat komputer telah dihidupkan namun kondisi monitor tetap tidak menyala dan tidak menampilkan apa-apa.', '', '2022-06-26 14:10:25'),
(118, 'K001', 'Windows Crash', 100, 'Reinstall Windows', '', '2022-06-26 14:11:17'),
(119, 'K003', 'Layar monitor tidak menyala', 50, 'Layar montior tidak menyala terjadi pada saat komputer telah dihidupkan namun kondisi monitor tetap tidak menyala dan tidak menampilkan apa-apa.', '', '2022-06-26 14:11:30'),
(120, 'K001', 'Windows Crash', 100, 'Reinstall Windows', '', '2022-06-26 14:11:52'),
(121, 'K001', 'Windows Crash', 100, 'Reinstall Windows', '', '2022-06-26 14:12:22'),
(122, 'K001', 'Windows Crash', 55, 'Reinstall Windows', '', '2022-06-26 14:13:33'),
(123, 'K001', 'Windows Crash', 55, 'Reinstall Windows', '', '2022-06-26 14:13:50'),
(124, 'K001', 'Windows Crash', 55, 'Reinstall Windows', '', '2022-06-26 14:14:02'),
(125, 'K001', 'Windows Crash', 38, 'Reinstall Windows', '', '2022-06-26 14:14:33'),
(126, 'K002', 'Mati total', 80, 'Pastikan arus listrik aman dan tidak bermasalah, setelah itu periksa kabel CPU dengan cara memeriksa kabel power yang terhubung dengan power supply. Periksa semua koneksi kabel power supply, jika komputer mati dikarenakan power supply maka perlu diganti d', '', '2022-06-26 14:15:46'),
(127, 'K001', 'Windows Crash', 38, 'Reinstall Windows', '', '2022-06-26 14:16:08'),
(128, 'K001', 'Windows Crash', 40, 'Reinstall Windows', '', '2022-06-26 14:17:03'),
(129, 'K002', 'Mati total', 80, 'Pastikan arus listrik aman dan tidak bermasalah, setelah itu periksa kabel CPU dengan cara memeriksa kabel power yang terhubung dengan power supply. Periksa semua koneksi kabel power supply, jika komputer mati dikarenakan power supply maka perlu diganti d', '', '2022-06-26 14:18:05'),
(130, 'K002', 'Mati total', 80, 'Pastikan arus listrik aman dan tidak bermasalah, setelah itu periksa kabel CPU dengan cara memeriksa kabel power yang terhubung dengan power supply. Periksa semua koneksi kabel power supply, jika komputer mati dikarenakan power supply maka perlu diganti d', '', '2022-06-26 14:18:19'),
(131, 'K002', 'Mati total', 70, 'Pastikan arus listrik aman dan tidak bermasalah, setelah itu periksa kabel CPU dengan cara memeriksa kabel power yang terhubung dengan power supply. Periksa semua koneksi kabel power supply, jika komputer mati dikarenakan power supply maka perlu diganti d', '', '2022-06-26 14:18:43'),
(132, 'K002', 'Mati total', 70, 'Pastikan arus listrik aman dan tidak bermasalah, setelah itu periksa kabel CPU dengan cara memeriksa kabel power yang terhubung dengan power supply. Periksa semua koneksi kabel power supply, jika komputer mati dikarenakan power supply maka perlu diganti d', '', '2022-06-26 14:18:56'),
(133, 'K002', 'Mati total', 80, 'Pastikan arus listrik aman dan tidak bermasalah, setelah itu periksa kabel CPU dengan cara memeriksa kabel power yang terhubung dengan power supply. Periksa semua koneksi kabel power supply, jika komputer mati dikarenakan power supply maka perlu diganti d', '', '2022-06-26 14:22:38'),
(134, 'K001', 'Windows Crash', 40, 'Reinstall Windows', '', '2022-06-26 16:25:36'),
(135, 'K002', 'Mati total', 70, 'Pastikan arus listrik aman dan tidak bermasalah, setelah itu periksa kabel CPU dengan cara memeriksa kabel power yang terhubung dengan power supply. Periksa semua koneksi kabel power supply, jika komputer mati dikarenakan power supply maka perlu diganti d', '', '2022-06-26 16:25:56'),
(136, 'K001', 'Windows Crash', 63, 'Reinstall Windows', '', '2022-06-26 16:31:11'),
(137, 'K001', 'Windows Crash', 40, 'Reinstall Windows', '', '2022-06-26 16:31:20'),
(138, 'K002', 'Mati total', 49.8, 'Pastikan arus listrik aman dan tidak bermasalah, setelah itu periksa kabel CPU dengan cara memeriksa kabel power yang terhubung dengan power supply. Periksa semua koneksi kabel power supply, jika komputer mati dikarenakan power supply maka perlu diganti d', '', '2022-06-26 16:40:30'),
(139, 'K002', 'Mati total', 49.8, 'Pastikan arus listrik aman dan tidak bermasalah, setelah itu periksa kabel CPU dengan cara memeriksa kabel power yang terhubung dengan power supply. Periksa semua koneksi kabel power supply, jika komputer mati dikarenakan power supply maka perlu diganti d', '', '2022-06-26 16:43:06'),
(140, 'K002', 'Mati total', 49.8, 'Pastikan arus listrik aman dan tidak bermasalah, setelah itu periksa kabel CPU dengan cara memeriksa kabel power yang terhubung dengan power supply. Periksa semua koneksi kabel power supply, jika komputer mati dikarenakan power supply maka perlu diganti d', '', '2022-06-26 16:43:20'),
(141, 'K001', 'Windows Crash', 70, 'Reinstall Windows', '', '2022-06-26 16:44:30'),
(142, 'K004', 'DVD tidak terbaca/rusak', 60, 'Kondisi ini terjadi  saat kaset CD/DVD yang dimasukkan tidak terdeteksi atau tidak terbaca, hal ini juga DVD tidak bisa baca/tulis data. ', '', '2022-06-26 16:57:54'),
(143, 'K001', 'Windows Crash', 70, 'Reinstall Windows', '', '2022-06-26 16:58:09'),
(144, 'K001', 'Windows Crash', 70, 'Reinstall Windows', '', '2022-06-27 12:07:14'),
(145, 'K002', 'Mati total', 80, 'Pastikan arus listrik aman dan tidak bermasalah, setelah itu periksa kabel CPU dengan cara memeriksa kabel power yang terhubung dengan power supply. Periksa semua koneksi kabel power supply, jika komputer mati dikarenakan power supply maka perlu diganti d', '', '2022-06-27 12:07:30'),
(146, 'K002', 'Mati total', 70, 'Pastikan arus listrik aman dan tidak bermasalah, setelah itu periksa kabel CPU dengan cara memeriksa kabel power yang terhubung dengan power supply. Periksa semua koneksi kabel power supply, jika komputer mati dikarenakan power supply maka perlu diganti d', '', '2022-06-28 07:44:53'),
(147, 'K004', 'DVD tidak terbaca/rusak', 60, 'Kondisi ini terjadi  saat kaset CD/DVD yang dimasukkan tidak terdeteksi atau tidak terbaca, hal ini juga DVD tidak bisa baca/tulis data.  Solusinya adalah mengganti DVD drive tersebut atau membeli DVD eksternal ', '', '2022-06-28 13:00:40'),
(148, 'K001', 'Windows Crash', 70, 'Reinstall Windows', '', '2022-06-28 13:17:50'),
(149, 'K001', 'Windows Crash', 70, 'Reinstall Windows', '', '2022-06-28 13:17:51'),
(150, 'K002', 'Mati total', 70, 'Pastikan arus listrik aman dan tidak bermasalah, setelah itu periksa kabel CPU dengan cara memeriksa kabel power yang terhubung dengan power supply. Periksa semua koneksi kabel power supply, jika komputer mati dikarenakan power supply maka perlu diganti d', '', '2022-06-28 13:55:01'),
(151, 'K001', 'Windows Crash', 63, 'Reinstall Windows', '', '2022-06-28 14:18:40'),
(152, 'K003', 'Layar monitor tidak menyala', 70, 'Layar montior tidak menyala terjadi pada saat komputer telah dihidupkan namun kondisi monitor tetap tidak menyala dan tidak menampilkan apa-apa. Cek VGA dan bersihkan, lalu masukkan kembali ke dalam slotnya. jika masih mengalami masalah yang sama, disaran', '', '2022-06-28 14:20:11'),
(153, 'K004', 'DVD tidak terbaca/rusak', 80, 'Kondisi ini terjadi  saat kaset CD/DVD yang dimasukkan tidak terdeteksi atau tidak terbaca, hal ini juga DVD tidak bisa baca/tulis data.  Solusinya adalah mengganti DVD drive tersebut atau membeli DVD eksternal ', '', '2022-06-28 14:22:07'),
(154, 'K002', 'Mati total', 70, 'Pastikan arus listrik aman dan tidak bermasalah, setelah itu periksa kabel CPU dengan cara memeriksa kabel power yang terhubung dengan power supply. Periksa semua koneksi kabel power supply, jika komputer mati dikarenakan power supply maka perlu diganti d', '', '2022-06-29 09:42:05'),
(155, 'K001', 'Windows Crash', 70, 'Reinstall Windows', '', '2022-07-03 06:33:02'),
(156, 'K001', 'Windows Crash', 70, 'Windows Crash terjadi saat pc mengalamai freeze atau mengalami blue screen. hal itu merupakan penyebab yang paling umum terjadi. malware juga bisa menjadi penyebab windows crash.', '', '2022-07-03 10:57:09'),
(157, 'K001', 'Windows Crash', 70, 'Windows Crash terjadi saat pc mengalamai freeze atau mengalami blue screen. hal itu merupakan penyebab yang paling umum terjadi. malware juga bisa menjadi penyebab windows crash.', 'Jika windows sedang dalam update cobalah untuk menunggu dan jangan langsung dimatikan atau direstart, maka itu akan menyebabkan data corrupt. segera b', '2022-07-03 11:02:09'),
(158, 'K001', 'Windows Crash', 70, 'Windows Crash terjadi saat pc mengalamai freeze atau mengalami blue screen. hal itu merupakan penyebab yang paling umum terjadi. malware juga bisa menjadi penyebab windows crash.', 'Jika windows sedang dalam update cobalah untuk menunggu dan jangan langsung dimatikan atau direstart, maka itu akan menyebabkan data corrupt. segera b', '2022-07-03 11:02:44'),
(159, 'K002', 'Mati total', 70, 'Mati Total terjadi karena komputer yang sudah berumur, kurang dijaga kebersihannya, atau sering digunakan untuk membuka aplikasi atau game berat.', 'Pastikan arus listrik aman dan tidak bermasalah, setelah itu periksa kabel CPU dengan cara memeriksa kabel power yang terhubung dengan power supply. P', '2022-07-03 11:21:32'),
(160, 'K002', 'Mati total', 80, 'Mati Total terjadi karena komputer yang sudah berumur, kurang dijaga kebersihannya, atau sering digunakan untuk membuka aplikasi atau game berat.', 'Pastikan arus listrik aman dan tidak bermasalah, setelah itu periksa kabel CPU dengan cara memeriksa kabel power yang terhubung dengan power supply. P', '2022-07-03 11:21:59'),
(161, 'K002', 'Mati total', 41, 'Mati Total terjadi karena komputer yang sudah berumur, kurang dijaga kebersihannya, atau sering digunakan untuk membuka aplikasi atau game berat.', 'Pastikan arus listrik aman dan tidak bermasalah, setelah itu periksa kabel CPU dengan cara memeriksa kabel power yang terhubung dengan power supply. P', '2022-07-03 11:22:10'),
(162, 'K004', 'DVD tidak terbaca/rusak', 60, 'Kondisi ini terjadi  saat kaset CD/DVD yang dimasukkan tidak terdeteksi atau tidak terbaca, hal ini juga DVD tidak bisa baca/tulis data.  ', 'Solusinya adalah mengganti DVD drive tersebut atau membeli DVD eksternal ', '2022-07-03 11:22:43'),
(163, 'K002', 'Mati total', 80, 'Mati Total terjadi karena komputer yang sudah berumur, kurang dijaga kebersihannya, atau sering digunakan untuk membuka aplikasi atau game berat.', 'Pastikan arus listrik aman dan tidak bermasalah, setelah itu periksa kabel CPU dengan cara memeriksa kabel power yang terhubung dengan power supply. P', '2022-07-03 11:23:24'),
(164, 'K002', 'Mati total', 50, 'Mati Total terjadi karena komputer yang sudah berumur, kurang dijaga kebersihannya, atau sering digunakan untuk membuka aplikasi atau game berat.', 'Pastikan arus listrik aman dan tidak bermasalah, setelah itu periksa kabel CPU dengan cara memeriksa kabel power yang terhubung dengan power supply. P', '2022-07-03 11:23:36'),
(165, 'K002', 'Mati total', 41, 'Mati Total terjadi karena komputer yang sudah berumur, kurang dijaga kebersihannya, atau sering digunakan untuk membuka aplikasi atau game berat.', 'Pastikan arus listrik aman dan tidak bermasalah, setelah itu periksa kabel CPU dengan cara memeriksa kabel power yang terhubung dengan power supply. P', '2022-07-03 11:24:21'),
(166, 'K002', 'Mati total', 41, 'Mati Total terjadi karena komputer yang sudah berumur, kurang dijaga kebersihannya, atau sering digunakan untuk membuka aplikasi atau game berat.', 'Pastikan arus listrik aman dan tidak bermasalah, setelah itu periksa kabel CPU dengan cara memeriksa kabel power yang terhubung dengan power supply. P', '2022-07-03 11:26:05'),
(167, 'K002', 'Mati total', 80, 'Mati Total terjadi karena komputer yang sudah berumur, kurang dijaga kebersihannya, atau sering digunakan untuk membuka aplikasi atau game berat.', 'Pastikan arus listrik aman dan tidak bermasalah, setelah itu periksa kabel CPU dengan cara memeriksa kabel power yang terhubung dengan power supply. P', '2022-07-03 11:28:33'),
(168, 'K002', 'Mati total', 70, 'Mati Total terjadi karena komputer yang sudah berumur, kurang dijaga kebersihannya, atau sering digunakan untuk membuka aplikasi atau game berat.', 'Pastikan arus listrik aman dan tidak bermasalah, setelah itu periksa kabel CPU dengan cara memeriksa kabel power yang terhubung dengan power supply. P', '2022-07-03 11:29:13'),
(169, 'K003', 'Layar monitor tidak menyala', 40, 'Layar montior tidak menyala terjadi pada saat komputer telah dihidupkan namun kondisi monitor tetap tidak menyala dan tidak menampilkan apa-apa. ', 'Cek RAM anda, jika mengeluarkan bunyi beep panjang maka cobalah untuk mengecek kondisi RAM dan bersihkan dari debu sampai bersih. atau Cek juga VGA an', '2022-07-03 11:29:21'),
(170, 'K002', 'Mati total', 80, 'Mati Total terjadi karena komputer yang sudah berumur, kurang dijaga kebersihannya, atau sering digunakan untuk membuka aplikasi atau game berat.', 'Pastikan arus listrik aman dan tidak bermasalah, setelah itu periksa kabel CPU dengan cara memeriksa kabel power yang terhubung dengan power supply. P', '2022-07-03 11:30:32'),
(171, 'K003', 'Layar monitor tidak menyala', 80, 'Layar montior tidak menyala terjadi pada saat komputer telah dihidupkan namun kondisi monitor tetap tidak menyala dan tidak menampilkan apa-apa. ', 'Cek RAM anda, jika mengeluarkan bunyi beep panjang maka cobalah untuk mengecek kondisi RAM dan bersihkan dari debu sampai bersih. atau Cek juga VGA an', '2022-07-03 11:32:41'),
(172, 'K001', 'Windows Crash', 70, 'Windows Crash terjadi saat pc mengalamai freeze atau mengalami blue screen. hal itu merupakan penyebab yang paling umum terjadi. malware juga bisa menjadi penyebab windows crash.', 'Jika windows sedang dalam update cobalah untuk menunggu dan jangan langsung dimatikan atau direstart, maka itu akan menyebabkan data corrupt. segera b', '2022-07-03 11:32:55'),
(173, 'K003', 'Layar monitor tidak menyala', 70, 'Layar montior tidak menyala terjadi pada saat komputer telah dihidupkan namun kondisi monitor tetap tidak menyala dan tidak menampilkan apa-apa. ', 'Cek RAM anda, jika mengeluarkan bunyi beep panjang maka cobalah untuk mengecek kondisi RAM dan bersihkan dari debu sampai bersih. atau Cek juga VGA an', '2022-07-03 12:27:45'),
(174, 'K003', 'Layar monitor tidak menyala', 70, 'Layar montior tidak menyala terjadi pada saat komputer telah dihidupkan namun kondisi monitor tetap tidak menyala dan tidak menampilkan apa-apa. ', 'Cek RAM anda, jika mengeluarkan bunyi beep panjang maka cobalah untuk mengecek kondisi RAM dan bersihkan dari debu sampai bersih. atau Cek juga VGA an', '2022-07-03 12:53:44'),
(175, 'K003', 'Layar monitor tidak menyala', 80, 'Layar montior tidak menyala terjadi pada saat komputer telah dihidupkan namun kondisi monitor tetap tidak menyala dan tidak menampilkan apa-apa. ', 'Cek RAM anda, jika mengeluarkan bunyi beep panjang maka cobalah untuk mengecek kondisi RAM dan bersihkan dari debu sampai bersih. atau Cek juga VGA an', '2022-07-03 12:54:07'),
(176, 'K001', 'Windows Crash', 63, 'Windows Crash terjadi saat pc mengalamai freeze atau mengalami blue screen. hal itu merupakan penyebab yang paling umum terjadi. malware juga bisa menjadi penyebab windows crash.', 'Jika windows sedang dalam update cobalah untuk menunggu dan jangan langsung dimatikan atau direstart, maka itu akan menyebabkan data corrupt. segera b', '2022-07-03 12:54:46'),
(177, 'K003', 'Layar monitor tidak menyala', 63, 'Layar montior tidak menyala terjadi pada saat komputer telah dihidupkan namun kondisi monitor tetap tidak menyala dan tidak menampilkan apa-apa. ', 'Cek RAM anda, jika mengeluarkan bunyi beep panjang maka cobalah untuk mengecek kondisi RAM dan bersihkan dari debu sampai bersih. atau Cek juga VGA an', '2022-07-03 13:08:26'),
(178, 'K004', 'DVD tidak terbaca/rusak', 80, 'Kondisi ini terjadi  saat kaset CD/DVD yang dimasukkan tidak terdeteksi atau tidak terbaca, hal ini juga DVD tidak bisa baca/tulis data.  ', 'Solusinya adalah mengganti DVD drive tersebut atau membeli DVD eksternal ', '2022-07-03 13:11:35'),
(179, 'K002', 'Mati total', 80, 'Mati Total terjadi karena komputer yang sudah berumur, kurang dijaga kebersihannya, atau sering digunakan untuk membuka aplikasi atau game berat.', 'Pastikan arus listrik aman dan tidak bermasalah, setelah itu periksa kabel CPU dengan cara memeriksa kabel power yang terhubung dengan power supply. P', '2022-07-03 13:21:05'),
(180, 'K002', 'Mati total', 80, 'Mati Total terjadi karena komputer yang sudah berumur, kurang dijaga kebersihannya, atau sering digunakan untuk membuka aplikasi atau game berat.', 'Pastikan arus listrik aman dan tidak bermasalah, setelah itu periksa kabel CPU dengan cara memeriksa kabel power yang terhubung dengan power supply. P', '2022-07-03 13:22:09'),
(181, 'K002', 'Mati total', 80, 'Mati Total terjadi karena komputer yang sudah berumur, kurang dijaga kebersihannya, atau sering digunakan untuk membuka aplikasi atau game berat.', 'Pastikan arus listrik aman dan tidak bermasalah, setelah itu periksa kabel CPU dengan cara memeriksa kabel power yang terhubung dengan power supply. P', '2022-07-03 13:22:36'),
(182, 'K002', 'Mati total', 80, 'Mati Total terjadi karena komputer yang sudah berumur, kurang dijaga kebersihannya, atau sering digunakan untuk membuka aplikasi atau game berat.', 'Pastikan arus listrik aman dan tidak bermasalah, setelah itu periksa kabel CPU dengan cara memeriksa kabel power yang terhubung dengan power supply. P', '2022-07-03 13:23:19'),
(183, 'K001', 'Windows Crash', 80, 'Windows Crash terjadi saat pc mengalamai freeze atau mengalami blue screen. hal itu merupakan penyebab yang paling umum terjadi. malware juga bisa menjadi penyebab windows crash.', 'Jika windows sedang dalam update cobalah untuk menunggu dan jangan langsung dimatikan atau direstart, maka itu akan menyebabkan data corrupt. segera b', '2022-07-03 13:46:09'),
(184, 'K002', 'Mati total', 80, 'Mati Total terjadi karena komputer yang sudah berumur, kurang dijaga kebersihannya, atau sering digunakan untuk membuka aplikasi atau game berat.', 'Pastikan arus listrik aman dan tidak bermasalah, setelah itu periksa kabel CPU dengan cara memeriksa kabel power yang terhubung dengan power supply. P', '2022-07-03 14:43:05'),
(185, 'K002', 'Mati total', 80, 'Mati Total terjadi karena komputer yang sudah berumur, kurang dijaga kebersihannya, atau sering digunakan untuk membuka aplikasi atau game berat.', 'Pastikan arus listrik aman dan tidak bermasalah, setelah itu periksa kabel CPU dengan cara memeriksa kabel power yang terhubung dengan power supply. P', '2022-07-03 14:43:35'),
(186, 'K001', 'Windows Crash', 63, 'Windows Crash terjadi saat pc mengalamai freeze atau mengalami blue screen. hal itu merupakan penyebab yang paling umum terjadi. malware juga bisa menjadi penyebab windows crash.', 'Jika windows sedang dalam update cobalah untuk menunggu dan jangan langsung dimatikan atau direstart, maka itu akan menyebabkan data corrupt. segera b', '2022-07-03 14:48:07'),
(187, 'K001', 'Windows Crash', 63, 'Windows Crash terjadi saat pc mengalamai freeze atau mengalami blue screen. hal itu merupakan penyebab yang paling umum terjadi. malware juga bisa menjadi penyebab windows crash.', 'Jika windows sedang dalam update cobalah untuk menunggu dan jangan langsung dimatikan atau direstart, maka itu akan menyebabkan data corrupt. segera b', '2022-07-03 14:49:11'),
(188, 'K002', 'Mati total', 80, 'Mati Total terjadi karena komputer yang sudah berumur, kurang dijaga kebersihannya, atau sering digunakan untuk membuka aplikasi atau game berat.', 'Pastikan arus listrik aman dan tidak bermasalah, setelah itu periksa kabel CPU dengan cara memeriksa kabel power yang terhubung dengan power supply. P', '2022-07-03 14:49:27'),
(189, 'K002', 'Mati total', 80, 'Mati Total terjadi karena komputer yang sudah berumur, kurang dijaga kebersihannya, atau sering digunakan untuk membuka aplikasi atau game berat.', 'Pastikan arus listrik aman dan tidak bermasalah, setelah itu periksa kabel CPU dengan cara memeriksa kabel power yang terhubung dengan power supply. P', '2022-07-03 14:49:42'),
(190, 'K002', 'Mati total', 80, 'Mati Total terjadi karena komputer yang sudah berumur, kurang dijaga kebersihannya, atau sering digunakan untuk membuka aplikasi atau game berat.', 'Pastikan arus listrik aman dan tidak bermasalah, setelah itu periksa kabel CPU dengan cara memeriksa kabel power yang terhubung dengan power supply. P', '2022-07-03 14:50:57'),
(191, 'K001', 'Windows Crash', 63, 'Windows Crash terjadi saat pc mengalamai freeze atau mengalami blue screen. hal itu merupakan penyebab yang paling umum terjadi. malware juga bisa menjadi penyebab windows crash.', 'Jika windows sedang dalam update cobalah untuk menunggu dan jangan langsung dimatikan atau direstart, maka itu akan menyebabkan data corrupt. segera b', '2022-07-03 14:51:58'),
(192, 'K001', 'Windows Crash', 63, 'Windows Crash terjadi saat pc mengalamai freeze atau mengalami blue screen. hal itu merupakan penyebab yang paling umum terjadi. malware juga bisa menjadi penyebab windows crash.', 'Jika windows sedang dalam update cobalah untuk menunggu dan jangan langsung dimatikan atau direstart, maka itu akan menyebabkan data corrupt. segera b', '2022-07-03 14:52:19'),
(193, 'K001', 'Windows Crash', 63, 'Windows Crash terjadi saat pc mengalamai freeze atau mengalami blue screen. hal itu merupakan penyebab yang paling umum terjadi. malware juga bisa menjadi penyebab windows crash.', 'Jika windows sedang dalam update cobalah untuk menunggu dan jangan langsung dimatikan atau direstart, maka itu akan menyebabkan data corrupt. segera b', '2022-07-03 14:52:27'),
(194, 'K002', 'Mati total', 80, 'Mati Total terjadi karena komputer yang sudah berumur, kurang dijaga kebersihannya, atau sering digunakan untuk membuka aplikasi atau game berat.', 'Pastikan arus listrik aman dan tidak bermasalah, setelah itu periksa kabel CPU dengan cara memeriksa kabel power yang terhubung dengan power supply. P', '2022-07-03 14:52:36'),
(195, 'K004', 'DVD tidak terbaca/rusak', 60, 'Kondisi ini terjadi  saat kaset CD/DVD yang dimasukkan tidak terdeteksi atau tidak terbaca, hal ini juga DVD tidak bisa baca/tulis data.  ', 'Solusinya adalah mengganti DVD drive tersebut atau membeli DVD eksternal ', '2022-07-03 14:52:41'),
(196, 'K002', 'Mati total', 80, 'Mati Total terjadi karena komputer yang sudah berumur, kurang dijaga kebersihannya, atau sering digunakan untuk membuka aplikasi atau game berat.', 'Pastikan arus listrik aman dan tidak bermasalah, setelah itu periksa kabel CPU dengan cara memeriksa kabel power yang terhubung dengan power supply. P', '2022-07-03 14:52:52'),
(197, 'K001', 'Windows Crash', 63, 'Windows Crash terjadi saat pc mengalamai freeze atau mengalami blue screen. hal itu merupakan penyebab yang paling umum terjadi. malware juga bisa menjadi penyebab windows crash.', 'Jika windows sedang dalam update cobalah untuk menunggu dan jangan langsung dimatikan atau direstart, maka itu akan menyebabkan data corrupt. segera b', '2022-07-03 14:57:50'),
(198, 'K002', 'Mati total', 80, 'Mati Total terjadi karena komputer yang sudah berumur, kurang dijaga kebersihannya, atau sering digunakan untuk membuka aplikasi atau game berat.', 'Pastikan arus listrik aman dan tidak bermasalah, setelah itu periksa kabel CPU dengan cara memeriksa kabel power yang terhubung dengan power supply. P', '2022-07-03 14:57:56'),
(199, 'K002', 'Mati total', 80, 'Mati Total terjadi karena komputer yang sudah berumur, kurang dijaga kebersihannya, atau sering digunakan untuk membuka aplikasi atau game berat.', 'Pastikan arus listrik aman dan tidak bermasalah, setelah itu periksa kabel CPU dengan cara memeriksa kabel power yang terhubung dengan power supply. P', '2022-07-03 14:58:03'),
(200, 'K001', 'Windows Crash', 63, 'Windows Crash terjadi saat pc mengalamai freeze atau mengalami blue screen. hal itu merupakan penyebab yang paling umum terjadi. malware juga bisa menjadi penyebab windows crash.', 'Jika windows sedang dalam update cobalah untuk menunggu dan jangan langsung dimatikan atau direstart, maka itu akan menyebabkan data corrupt. segera b', '2022-07-03 14:58:28'),
(201, 'K001', 'Windows Crash', 63, 'Windows Crash terjadi saat pc mengalamai freeze atau mengalami blue screen. hal itu merupakan penyebab yang paling umum terjadi. malware juga bisa menjadi penyebab windows crash.', 'Jika windows sedang dalam update cobalah untuk menunggu dan jangan langsung dimatikan atau direstart, maka itu akan menyebabkan data corrupt. segera b', '2022-07-03 14:58:57'),
(202, 'K002', 'Mati total', 80, 'Mati Total terjadi karena komputer yang sudah berumur, kurang dijaga kebersihannya, atau sering digunakan untuk membuka aplikasi atau game berat.', 'Pastikan arus listrik aman dan tidak bermasalah, setelah itu periksa kabel CPU dengan cara memeriksa kabel power yang terhubung dengan power supply. P', '2022-07-03 14:59:03'),
(203, 'K002', 'Mati total', 80, 'Mati Total terjadi karena komputer yang sudah berumur, kurang dijaga kebersihannya, atau sering digunakan untuk membuka aplikasi atau game berat.', 'Pastikan arus listrik aman dan tidak bermasalah, setelah itu periksa kabel CPU dengan cara memeriksa kabel power yang terhubung dengan power supply. P', '2022-07-03 14:59:12'),
(204, 'K001', 'Windows Crash', 63, 'Windows Crash terjadi saat pc mengalamai freeze atau mengalami blue screen. hal itu merupakan penyebab yang paling umum terjadi. malware juga bisa menjadi penyebab windows crash.', 'Jika windows sedang dalam update cobalah untuk menunggu dan jangan langsung dimatikan atau direstart, maka itu akan menyebabkan data corrupt. segera b', '2022-07-03 15:03:31'),
(205, 'K002', 'Mati total', 80, 'Mati Total terjadi karena komputer yang sudah berumur, kurang dijaga kebersihannya, atau sering digunakan untuk membuka aplikasi atau game berat.', 'Pastikan arus listrik aman dan tidak bermasalah, setelah itu periksa kabel CPU dengan cara memeriksa kabel power yang terhubung dengan power supply. P', '2022-07-03 15:03:45'),
(206, 'K001', 'Windows Crash', 63, 'Windows Crash terjadi saat pc mengalamai freeze atau mengalami blue screen. hal itu merupakan penyebab yang paling umum terjadi. malware juga bisa menjadi penyebab windows crash.', 'Jika windows sedang dalam update cobalah untuk menunggu dan jangan langsung dimatikan atau direstart, maka itu akan menyebabkan data corrupt. segera b', '2022-07-03 15:03:57'),
(207, 'K001', 'Windows Crash', 63, 'Windows Crash terjadi saat pc mengalamai freeze atau mengalami blue screen. hal itu merupakan penyebab yang paling umum terjadi. malware juga bisa menjadi penyebab windows crash.', 'Jika windows sedang dalam update cobalah untuk menunggu dan jangan langsung dimatikan atau direstart, maka itu akan menyebabkan data corrupt. segera b', '2022-07-03 15:28:47'),
(208, 'K001', 'Windows Crash', 63, 'Windows Crash terjadi saat pc mengalamai freeze atau mengalami blue screen. hal itu merupakan penyebab yang paling umum terjadi. malware juga bisa menjadi penyebab windows crash.', 'Jika windows sedang dalam update cobalah untuk menunggu dan jangan langsung dimatikan atau direstart, maka itu akan menyebabkan data corrupt. segera b', '2022-07-03 15:29:09'),
(209, 'K002', 'Mati total', 80, 'Mati Total terjadi karena komputer yang sudah berumur, kurang dijaga kebersihannya, atau sering digunakan untuk membuka aplikasi atau game berat.', 'Pastikan arus listrik aman dan tidak bermasalah, setelah itu periksa kabel CPU dengan cara memeriksa kabel power yang terhubung dengan power supply. P', '2022-07-03 15:29:21'),
(210, 'K002', 'Mati total', 80, 'Mati Total terjadi karena komputer yang sudah berumur, kurang dijaga kebersihannya, atau sering digunakan untuk membuka aplikasi atau game berat.', 'Pastikan arus listrik aman dan tidak bermasalah, setelah itu periksa kabel CPU dengan cara memeriksa kabel power yang terhubung dengan power supply. P', '2022-07-03 15:29:36'),
(211, 'K001', 'Windows Crash', 63, 'Windows Crash terjadi saat pc mengalamai freeze atau mengalami blue screen. hal itu merupakan penyebab yang paling umum terjadi. malware juga bisa menjadi penyebab windows crash.', 'Jika windows sedang dalam update cobalah untuk menunggu dan jangan langsung dimatikan atau direstart, maka itu akan menyebabkan data corrupt. segera b', '2022-07-03 15:30:01'),
(212, 'K002', 'Mati total', 80, 'Mati Total terjadi karena komputer yang sudah berumur, kurang dijaga kebersihannya, atau sering digunakan untuk membuka aplikasi atau game berat.', 'Pastikan arus listrik aman dan tidak bermasalah, setelah itu periksa kabel CPU dengan cara memeriksa kabel power yang terhubung dengan power supply. P', '2022-07-03 15:30:09'),
(213, 'K002', 'Mati total', 80, 'Mati Total terjadi karena komputer yang sudah berumur, kurang dijaga kebersihannya, atau sering digunakan untuk membuka aplikasi atau game berat.', 'Pastikan arus listrik aman dan tidak bermasalah, setelah itu periksa kabel CPU dengan cara memeriksa kabel power yang terhubung dengan power supply. P', '2022-07-03 15:30:18'),
(214, 'K003', 'Layar monitor tidak menyala', 63, 'Layar montior tidak menyala terjadi pada saat komputer telah dihidupkan namun kondisi monitor tetap tidak menyala dan tidak menampilkan apa-apa. ', 'Cek RAM anda, jika mengeluarkan bunyi beep panjang maka cobalah untuk mengecek kondisi RAM dan bersihkan dari debu sampai bersih. atau Cek juga VGA an', '2022-07-03 15:30:35'),
(215, 'K003', 'Layar monitor tidak menyala', 70, 'Layar montior tidak menyala terjadi pada saat komputer telah dihidupkan namun kondisi monitor tetap tidak menyala dan tidak menampilkan apa-apa. ', 'Cek RAM anda, jika mengeluarkan bunyi beep panjang maka cobalah untuk mengecek kondisi RAM dan bersihkan dari debu sampai bersih. atau Cek juga VGA an', '2022-07-04 09:12:52'),
(216, 'K001', 'Windows Crash', 80, 'Windows Crash terjadi saat pc mengalamai freeze atau mengalami blue screen. hal itu merupakan penyebab yang paling umum terjadi. malware juga bisa menjadi penyebab windows crash.', 'Jika windows sedang dalam update cobalah untuk menunggu dan jangan langsung dimatikan atau direstart, maka itu akan menyebabkan data corrupt. segera b', '2022-07-04 09:24:48'),
(217, 'K003', 'Layar monitor tidak menyala', 80, 'Layar montior tidak menyala terjadi pada saat komputer telah dihidupkan namun kondisi monitor tetap tidak menyala dan tidak menampilkan apa-apa. ', 'Cek RAM anda, jika mengeluarkan bunyi beep panjang maka cobalah untuk mengecek kondisi RAM dan bersihkan dari debu sampai bersih. atau Cek juga VGA an', '2022-07-04 09:25:19'),
(218, 'K003', 'Layar monitor tidak menyala', 80, 'Layar montior tidak menyala terjadi pada saat komputer telah dihidupkan namun kondisi monitor tetap tidak menyala dan tidak menampilkan apa-apa. ', 'Cek RAM anda, jika mengeluarkan bunyi beep panjang maka cobalah untuk mengecek kondisi RAM dan bersihkan dari debu sampai bersih. atau Cek juga VGA an', '2022-07-04 09:25:56');

-- --------------------------------------------------------

--
-- Table structure for table `history`
--

CREATE TABLE `history` (
  `user_id` int(11) NOT NULL,
  `gejala_id` int(11) NOT NULL,
  `created_at` timestamp NOT NULL DEFAULT current_timestamp() ON UPDATE current_timestamp()
) ENGINE=InnoDB DEFAULT CHARSET=utf8mb4;

--
-- Dumping data for table `history`
--

INSERT INTO `history` (`user_id`, `gejala_id`, `created_at`) VALUES
(0, 1, '2022-06-24 15:45:12'),
(0, 2, '2022-06-24 15:45:12'),
(0, 3, '2022-06-24 15:45:12'),
(0, 1, '2022-06-24 15:45:28'),
(0, 2, '2022-06-24 15:45:28'),
(0, 3, '2022-06-24 15:45:28'),
(0, 4, '2022-06-24 15:45:28'),
(0, 5, '2022-06-24 15:45:28'),
(0, 6, '2022-06-24 15:45:28'),
(0, 1, '2022-06-24 15:46:37'),
(0, 2, '2022-06-24 15:46:37'),
(0, 3, '2022-06-24 15:46:37'),
(0, 1, '2022-06-24 15:47:31'),
(0, 2, '2022-06-24 15:47:31'),
(0, 3, '2022-06-24 15:47:31'),
(0, 4, '2022-06-24 15:47:31'),
(0, 5, '2022-06-24 15:47:31'),
(0, 6, '2022-06-24 15:47:31'),
(0, 1, '2022-06-24 15:48:18'),
(0, 2, '2022-06-24 15:48:18'),
(0, 3, '2022-06-24 15:48:18'),
(0, 4, '2022-06-24 15:48:18'),
(0, 5, '2022-06-24 15:48:18'),
(0, 6, '2022-06-24 15:48:18'),
(0, 1, '2022-06-26 07:27:23'),
(0, 2, '2022-06-26 07:27:23'),
(0, 3, '2022-06-26 07:27:23'),
(0, 4, '2022-06-26 07:27:23'),
(0, 5, '2022-06-26 07:27:23'),
(0, 6, '2022-06-26 07:27:23'),
(0, 1, '2022-06-26 07:29:53'),
(0, 2, '2022-06-26 07:29:53'),
(0, 3, '2022-06-26 07:29:53'),
(0, 4, '2022-06-26 07:29:53'),
(0, 5, '2022-06-26 07:29:53'),
(0, 6, '2022-06-26 07:29:53'),
(0, 1, '2022-06-26 07:54:15'),
(0, 2, '2022-06-26 07:54:15'),
(0, 3, '2022-06-26 07:54:15'),
(0, 4, '2022-06-26 07:54:15'),
(0, 5, '2022-06-26 07:54:15'),
(0, 6, '2022-06-26 07:54:15'),
(0, 22, '2022-06-26 07:54:15'),
(0, 4, '2022-06-26 12:38:36'),
(0, 5, '2022-06-26 12:38:36'),
(0, 6, '2022-06-26 12:38:36'),
(0, 22, '2022-06-26 12:38:36'),
(0, 1, '2022-06-26 12:43:35'),
(0, 2, '2022-06-26 12:43:35'),
(0, 3, '2022-06-26 12:43:35'),
(0, 1, '2022-06-26 12:44:38'),
(0, 2, '2022-06-26 12:44:38'),
(0, 3, '2022-06-26 12:44:38'),
(0, 1, '2022-06-26 12:45:25'),
(0, 2, '2022-06-26 12:45:25'),
(0, 3, '2022-06-26 12:45:25'),
(0, 1, '2022-06-26 12:45:51'),
(0, 2, '2022-06-26 12:45:51'),
(0, 3, '2022-06-26 12:45:51'),
(0, 1, '2022-06-26 12:46:28'),
(0, 2, '2022-06-26 12:46:28'),
(0, 3, '2022-06-26 12:46:28'),
(0, 1, '2022-06-26 12:47:25'),
(0, 2, '2022-06-26 12:47:25'),
(0, 3, '2022-06-26 12:47:25'),
(0, 1, '2022-06-26 12:50:28'),
(0, 2, '2022-06-26 12:50:28'),
(0, 3, '2022-06-26 12:50:28'),
(0, 1, '2022-06-26 12:51:00'),
(0, 2, '2022-06-26 12:51:00'),
(0, 3, '2022-06-26 12:51:00'),
(0, 1, '2022-06-26 12:51:19'),
(0, 2, '2022-06-26 12:51:19'),
(0, 3, '2022-06-26 12:51:19'),
(0, 4, '2022-06-26 12:51:19'),
(0, 5, '2022-06-26 12:51:19'),
(0, 6, '2022-06-26 12:51:19'),
(0, 22, '2022-06-26 12:51:19'),
(0, 1, '2022-06-26 12:51:57'),
(0, 2, '2022-06-26 12:51:57'),
(0, 3, '2022-06-26 12:51:57'),
(0, 1, '2022-06-26 12:52:23'),
(0, 2, '2022-06-26 12:52:23'),
(0, 3, '2022-06-26 12:52:23'),
(0, 1, '2022-06-26 12:52:46'),
(0, 2, '2022-06-26 12:52:46'),
(0, 3, '2022-06-26 12:52:46'),
(0, 1, '2022-06-26 12:53:05'),
(0, 2, '2022-06-26 12:53:05'),
(0, 3, '2022-06-26 12:53:05'),
(0, 1, '2022-06-26 12:53:26'),
(0, 2, '2022-06-26 12:53:26'),
(0, 3, '2022-06-26 12:53:26'),
(0, 1, '2022-06-26 12:53:50'),
(0, 2, '2022-06-26 12:53:50'),
(0, 3, '2022-06-26 12:53:50'),
(0, 1, '2022-06-26 12:54:38'),
(0, 2, '2022-06-26 12:54:38'),
(0, 3, '2022-06-26 12:54:38'),
(0, 1, '2022-06-26 12:54:59'),
(0, 2, '2022-06-26 12:54:59'),
(0, 3, '2022-06-26 12:54:59'),
(0, 4, '2022-06-26 12:54:59'),
(0, 22, '2022-06-26 12:54:59'),
(0, 4, '2022-06-26 12:55:12'),
(0, 5, '2022-06-26 12:55:12'),
(0, 6, '2022-06-26 12:55:12'),
(0, 1, '2022-06-26 12:56:01'),
(0, 2, '2022-06-26 12:56:01'),
(0, 3, '2022-06-26 12:56:01'),
(0, 4, '2022-06-26 12:56:01'),
(0, 5, '2022-06-26 12:56:01'),
(0, 6, '2022-06-26 12:56:01'),
(0, 22, '2022-06-26 12:56:01'),
(0, 1, '2022-06-26 13:03:46'),
(0, 2, '2022-06-26 13:03:46'),
(0, 3, '2022-06-26 13:03:46'),
(0, 1, '2022-06-26 13:03:46'),
(0, 2, '2022-06-26 13:03:46'),
(0, 3, '2022-06-26 13:03:46'),
(0, 1, '2022-06-26 13:05:11'),
(0, 2, '2022-06-26 13:05:11'),
(0, 3, '2022-06-26 13:05:11'),
(0, 1, '2022-06-26 13:08:29'),
(0, 2, '2022-06-26 13:08:29'),
(0, 3, '2022-06-26 13:08:29'),
(0, 1, '2022-06-26 13:09:02'),
(0, 2, '2022-06-26 13:09:02'),
(0, 3, '2022-06-26 13:09:02'),
(0, 1, '2022-06-26 13:16:10'),
(0, 2, '2022-06-26 13:16:10'),
(0, 3, '2022-06-26 13:16:10'),
(0, 1, '2022-06-26 13:17:43'),
(0, 2, '2022-06-26 13:17:43'),
(0, 3, '2022-06-26 13:17:43'),
(0, 1, '2022-06-26 13:18:10'),
(0, 2, '2022-06-26 13:18:10'),
(0, 3, '2022-06-26 13:18:10'),
(0, 4, '2022-06-26 13:18:10'),
(0, 5, '2022-06-26 13:18:10'),
(0, 6, '2022-06-26 13:18:10'),
(0, 22, '2022-06-26 13:18:10'),
(0, 1, '2022-06-26 13:18:55'),
(0, 2, '2022-06-26 13:18:55'),
(0, 3, '2022-06-26 13:18:55'),
(0, 1, '2022-06-26 13:19:06'),
(0, 2, '2022-06-26 13:19:06'),
(0, 3, '2022-06-26 13:19:06'),
(0, 4, '2022-06-26 13:19:06'),
(0, 5, '2022-06-26 13:19:06'),
(0, 6, '2022-06-26 13:19:06'),
(0, 22, '2022-06-26 13:19:06'),
(0, 1, '2022-06-26 13:19:42'),
(0, 2, '2022-06-26 13:19:42'),
(0, 3, '2022-06-26 13:19:42'),
(0, 1, '2022-06-26 13:21:26'),
(0, 2, '2022-06-26 13:21:26'),
(0, 3, '2022-06-26 13:21:26'),
(0, 1, '2022-06-26 13:21:49'),
(0, 2, '2022-06-26 13:21:49'),
(0, 3, '2022-06-26 13:21:49'),
(0, 1, '2022-06-26 13:21:55'),
(0, 2, '2022-06-26 13:21:55'),
(0, 3, '2022-06-26 13:21:55'),
(0, 1, '2022-06-26 13:29:36'),
(0, 2, '2022-06-26 13:29:36'),
(0, 3, '2022-06-26 13:29:36'),
(0, 1, '2022-06-26 13:29:59'),
(0, 2, '2022-06-26 13:29:59'),
(0, 3, '2022-06-26 13:29:59'),
(0, 1, '2022-06-26 13:30:16'),
(0, 2, '2022-06-26 13:30:16'),
(0, 3, '2022-06-26 13:30:16'),
(0, 1, '2022-06-26 13:32:20'),
(0, 2, '2022-06-26 13:32:20'),
(0, 3, '2022-06-26 13:32:20'),
(0, 1, '2022-06-26 13:32:40'),
(0, 2, '2022-06-26 13:32:40'),
(0, 3, '2022-06-26 13:32:40'),
(0, 4, '2022-06-26 13:32:40'),
(0, 5, '2022-06-26 13:32:40'),
(0, 6, '2022-06-26 13:32:40'),
(0, 22, '2022-06-26 13:32:40'),
(0, 1, '2022-06-26 13:37:52'),
(0, 2, '2022-06-26 13:37:52'),
(0, 3, '2022-06-26 13:37:52'),
(0, 1, '2022-06-26 13:40:32'),
(0, 2, '2022-06-26 13:40:32'),
(0, 3, '2022-06-26 13:40:32'),
(0, 1, '2022-06-26 13:40:50'),
(0, 2, '2022-06-26 13:40:50'),
(0, 3, '2022-06-26 13:40:50'),
(0, 1, '2022-06-26 13:42:27'),
(0, 2, '2022-06-26 13:42:27'),
(0, 3, '2022-06-26 13:42:27'),
(0, 1, '2022-06-26 13:45:26'),
(0, 2, '2022-06-26 13:45:26'),
(0, 3, '2022-06-26 13:45:26'),
(0, 1, '2022-06-26 13:45:31'),
(0, 2, '2022-06-26 13:45:31'),
(0, 3, '2022-06-26 13:45:31'),
(0, 1, '2022-06-26 13:45:37'),
(0, 2, '2022-06-26 13:45:37'),
(0, 3, '2022-06-26 13:45:37'),
(0, 1, '2022-06-26 14:07:18'),
(0, 2, '2022-06-26 14:07:18'),
(0, 3, '2022-06-26 14:07:18'),
(0, 4, '2022-06-26 14:07:18'),
(0, 5, '2022-06-26 14:07:18'),
(0, 6, '2022-06-26 14:07:18'),
(0, 7, '2022-06-26 14:07:18'),
(0, 8, '2022-06-26 14:07:18'),
(0, 9, '2022-06-26 14:07:18'),
(0, 10, '2022-06-26 14:07:18'),
(0, 11, '2022-06-26 14:07:18'),
(0, 22, '2022-06-26 14:07:18'),
(0, 1, '2022-06-26 14:08:41'),
(0, 2, '2022-06-26 14:08:41'),
(0, 3, '2022-06-26 14:08:41'),
(0, 4, '2022-06-26 14:08:41'),
(0, 5, '2022-06-26 14:08:41'),
(0, 6, '2022-06-26 14:08:41'),
(0, 7, '2022-06-26 14:08:41'),
(0, 8, '2022-06-26 14:08:41'),
(0, 9, '2022-06-26 14:08:41'),
(0, 10, '2022-06-26 14:08:41'),
(0, 11, '2022-06-26 14:08:41'),
(0, 22, '2022-06-26 14:08:41'),
(0, 1, '2022-06-26 14:08:41'),
(0, 2, '2022-06-26 14:08:41'),
(0, 3, '2022-06-26 14:08:41'),
(0, 4, '2022-06-26 14:08:41'),
(0, 5, '2022-06-26 14:08:41'),
(0, 6, '2022-06-26 14:08:41'),
(0, 7, '2022-06-26 14:08:41'),
(0, 8, '2022-06-26 14:08:41'),
(0, 9, '2022-06-26 14:08:41'),
(0, 10, '2022-06-26 14:08:41'),
(0, 11, '2022-06-26 14:08:41'),
(0, 22, '2022-06-26 14:08:41'),
(0, 1, '2022-06-26 14:09:11'),
(0, 2, '2022-06-26 14:09:11'),
(0, 3, '2022-06-26 14:09:11'),
(0, 4, '2022-06-26 14:09:11'),
(0, 5, '2022-06-26 14:09:11'),
(0, 6, '2022-06-26 14:09:11'),
(0, 7, '2022-06-26 14:09:11'),
(0, 8, '2022-06-26 14:09:11'),
(0, 9, '2022-06-26 14:09:11'),
(0, 10, '2022-06-26 14:09:11'),
(0, 11, '2022-06-26 14:09:11'),
(0, 22, '2022-06-26 14:09:11'),
(0, 1, '2022-06-26 14:09:51'),
(0, 2, '2022-06-26 14:09:51'),
(0, 3, '2022-06-26 14:09:51'),
(0, 4, '2022-06-26 14:09:51'),
(0, 5, '2022-06-26 14:09:51'),
(0, 6, '2022-06-26 14:09:51'),
(0, 7, '2022-06-26 14:09:51'),
(0, 8, '2022-06-26 14:09:51'),
(0, 9, '2022-06-26 14:09:51'),
(0, 10, '2022-06-26 14:09:51'),
(0, 11, '2022-06-26 14:09:51'),
(0, 22, '2022-06-26 14:09:51'),
(0, 1, '2022-06-26 14:10:02'),
(0, 2, '2022-06-26 14:10:02'),
(0, 3, '2022-06-26 14:10:02'),
(0, 4, '2022-06-26 14:10:02'),
(0, 5, '2022-06-26 14:10:02'),
(0, 6, '2022-06-26 14:10:02'),
(0, 7, '2022-06-26 14:10:02'),
(0, 8, '2022-06-26 14:10:02'),
(0, 9, '2022-06-26 14:10:02'),
(0, 10, '2022-06-26 14:10:02'),
(0, 11, '2022-06-26 14:10:02'),
(0, 22, '2022-06-26 14:10:02'),
(0, 1, '2022-06-26 14:10:25'),
(0, 2, '2022-06-26 14:10:25'),
(0, 3, '2022-06-26 14:10:25'),
(0, 4, '2022-06-26 14:10:25'),
(0, 5, '2022-06-26 14:10:25'),
(0, 6, '2022-06-26 14:10:25'),
(0, 7, '2022-06-26 14:10:25'),
(0, 8, '2022-06-26 14:10:25'),
(0, 9, '2022-06-26 14:10:25'),
(0, 10, '2022-06-26 14:10:25'),
(0, 11, '2022-06-26 14:10:25'),
(0, 22, '2022-06-26 14:10:25'),
(0, 1, '2022-06-26 14:11:17'),
(0, 2, '2022-06-26 14:11:17'),
(0, 3, '2022-06-26 14:11:17'),
(0, 6, '2022-06-26 14:11:17'),
(0, 7, '2022-06-26 14:11:17'),
(0, 9, '2022-06-26 14:11:17'),
(0, 22, '2022-06-26 14:11:17'),
(0, 4, '2022-06-26 14:11:30'),
(0, 1, '2022-06-26 14:11:52'),
(0, 2, '2022-06-26 14:11:52'),
(0, 3, '2022-06-26 14:11:52'),
(0, 1, '2022-06-26 14:12:22'),
(0, 2, '2022-06-26 14:12:22'),
(0, 3, '2022-06-26 14:12:22'),
(0, 1, '2022-06-26 14:13:33'),
(0, 2, '2022-06-26 14:13:33'),
(0, 3, '2022-06-26 14:13:33'),
(0, 1, '2022-06-26 14:13:50'),
(0, 2, '2022-06-26 14:13:50'),
(0, 3, '2022-06-26 14:13:50'),
(0, 1, '2022-06-26 14:14:02'),
(0, 2, '2022-06-26 14:14:02'),
(0, 3, '2022-06-26 14:14:02'),
(0, 1, '2022-06-26 14:14:32'),
(0, 2, '2022-06-26 14:14:32'),
(0, 3, '2022-06-26 14:14:32'),
(0, 1, '2022-06-26 14:15:46'),
(0, 2, '2022-06-26 14:15:46'),
(0, 3, '2022-06-26 14:15:46'),
(0, 4, '2022-06-26 14:15:46'),
(0, 5, '2022-06-26 14:15:46'),
(0, 6, '2022-06-26 14:15:46'),
(0, 7, '2022-06-26 14:15:46'),
(0, 8, '2022-06-26 14:15:46'),
(0, 9, '2022-06-26 14:15:46'),
(0, 10, '2022-06-26 14:15:46'),
(0, 22, '2022-06-26 14:15:46'),
(0, 1, '2022-06-26 14:16:08'),
(0, 2, '2022-06-26 14:16:08'),
(0, 3, '2022-06-26 14:16:08'),
(0, 1, '2022-06-26 14:17:03'),
(0, 2, '2022-06-26 14:17:03'),
(0, 3, '2022-06-26 14:17:03'),
(0, 1, '2022-06-26 14:18:05'),
(0, 2, '2022-06-26 14:18:05'),
(0, 3, '2022-06-26 14:18:05'),
(0, 4, '2022-06-26 14:18:05'),
(0, 5, '2022-06-26 14:18:05'),
(0, 6, '2022-06-26 14:18:05'),
(0, 1, '2022-06-26 14:18:19'),
(0, 2, '2022-06-26 14:18:19'),
(0, 3, '2022-06-26 14:18:19'),
(0, 4, '2022-06-26 14:18:19'),
(0, 5, '2022-06-26 14:18:19'),
(0, 6, '2022-06-26 14:18:19'),
(0, 7, '2022-06-26 14:18:19'),
(0, 1, '2022-06-26 14:18:43'),
(0, 2, '2022-06-26 14:18:43'),
(0, 3, '2022-06-26 14:18:43'),
(0, 4, '2022-06-26 14:18:43'),
(0, 5, '2022-06-26 14:18:43'),
(0, 6, '2022-06-26 14:18:43'),
(0, 7, '2022-06-26 14:18:43'),
(0, 8, '2022-06-26 14:18:43'),
(0, 9, '2022-06-26 14:18:43'),
(0, 10, '2022-06-26 14:18:43'),
(0, 22, '2022-06-26 14:18:43'),
(0, 4, '2022-06-26 14:18:56'),
(0, 5, '2022-06-26 14:18:56'),
(0, 6, '2022-06-26 14:18:56'),
(0, 22, '2022-06-26 14:18:56'),
(0, 1, '2022-06-26 14:22:38'),
(0, 2, '2022-06-26 14:22:38'),
(0, 3, '2022-06-26 14:22:38'),
(0, 4, '2022-06-26 14:22:38'),
(0, 5, '2022-06-26 14:22:38'),
(0, 22, '2022-06-26 14:22:38'),
(0, 1, '2022-06-26 16:25:36'),
(0, 2, '2022-06-26 16:25:36'),
(0, 3, '2022-06-26 16:25:36'),
(0, 1, '2022-06-26 16:25:56'),
(0, 2, '2022-06-26 16:25:56'),
(0, 3, '2022-06-26 16:25:56'),
(0, 4, '2022-06-26 16:25:56'),
(0, 5, '2022-06-26 16:25:56'),
(0, 6, '2022-06-26 16:25:56'),
(0, 22, '2022-06-26 16:25:56'),
(0, 1, '2022-06-26 16:31:11'),
(0, 2, '2022-06-26 16:31:11'),
(0, 1, '2022-06-26 16:31:20'),
(0, 2, '2022-06-26 16:31:20'),
(0, 3, '2022-06-26 16:31:20'),
(0, 4, '2022-06-26 16:40:30'),
(0, 5, '2022-06-26 16:40:30'),
(0, 6, '2022-06-26 16:40:30'),
(0, 9, '2022-06-26 16:40:30'),
(0, 22, '2022-06-26 16:40:30'),
(0, 4, '2022-06-26 16:43:06'),
(0, 5, '2022-06-26 16:43:06'),
(0, 6, '2022-06-26 16:43:06'),
(0, 9, '2022-06-26 16:43:06'),
(0, 22, '2022-06-26 16:43:06'),
(0, 4, '2022-06-26 16:43:20'),
(0, 5, '2022-06-26 16:43:20'),
(0, 6, '2022-06-26 16:43:20'),
(0, 9, '2022-06-26 16:43:20'),
(0, 22, '2022-06-26 16:43:20'),
(0, 1, '2022-06-26 16:44:30'),
(0, 2, '2022-06-26 16:44:30'),
(0, 3, '2022-06-26 16:44:30'),
(0, 12, '2022-06-26 16:57:54'),
(0, 15, '2022-06-26 16:57:54'),
(0, 23, '2022-06-26 16:57:54'),
(0, 1, '2022-06-26 16:58:09'),
(0, 2, '2022-06-26 16:58:09'),
(0, 3, '2022-06-26 16:58:09'),
(0, 12, '2022-06-26 16:58:09'),
(0, 15, '2022-06-26 16:58:09'),
(0, 23, '2022-06-26 16:58:09'),
(0, 1, '2022-06-27 12:07:13'),
(0, 2, '2022-06-27 12:07:13'),
(0, 3, '2022-06-27 12:07:13'),
(0, 1, '2022-06-27 12:07:30'),
(0, 2, '2022-06-27 12:07:30'),
(0, 3, '2022-06-27 12:07:30'),
(0, 22, '2022-06-27 12:07:30'),
(0, 4, '2022-06-27 12:07:30'),
(0, 5, '2022-06-27 12:07:30'),
(0, 15, '2022-06-27 12:07:30'),
(0, 23, '2022-06-27 12:07:30'),
(0, 1, '2022-06-28 07:44:53'),
(0, 2, '2022-06-28 07:44:53'),
(0, 3, '2022-06-28 07:44:53'),
(0, 22, '2022-06-28 07:44:53'),
(0, 4, '2022-06-28 07:44:53'),
(0, 5, '2022-06-28 07:44:53'),
(0, 6, '2022-06-28 07:44:53'),
(0, 7, '2022-06-28 07:44:53'),
(0, 12, '2022-06-28 07:44:53'),
(0, 15, '2022-06-28 07:44:53'),
(0, 12, '2022-06-28 13:00:39'),
(0, 15, '2022-06-28 13:00:39'),
(0, 1, '2022-06-28 13:17:50'),
(0, 2, '2022-06-28 13:17:50'),
(0, 3, '2022-06-28 13:17:50'),
(0, 1, '2022-06-28 13:17:50'),
(0, 2, '2022-06-28 13:17:50'),
(0, 3, '2022-06-28 13:17:50'),
(0, 1, '2022-06-28 13:55:01'),
(0, 2, '2022-06-28 13:55:01'),
(0, 3, '2022-06-28 13:55:01'),
(0, 22, '2022-06-28 13:55:01'),
(0, 4, '2022-06-28 13:55:01'),
(0, 6, '2022-06-28 13:55:01'),
(0, 7, '2022-06-28 13:55:01'),
(0, 12, '2022-06-28 13:55:01'),
(0, 15, '2022-06-28 13:55:01'),
(0, 24, '2022-06-28 13:55:01'),
(0, 1, '2022-06-28 14:18:40'),
(0, 8, '2022-06-28 14:20:11'),
(0, 12, '2022-06-28 14:22:07'),
(0, 1, '2022-06-29 09:42:04'),
(0, 2, '2022-06-29 09:42:04'),
(0, 5, '2022-06-29 09:42:04'),
(0, 6, '2022-06-29 09:42:04'),
(0, 7, '2022-06-29 09:42:04'),
(0, 1, '2022-07-03 06:33:02'),
(0, 2, '2022-07-03 06:33:02'),
(0, 3, '2022-07-03 06:33:02'),
(0, 1, '2022-07-03 10:51:08'),
(0, 2, '2022-07-03 10:51:08'),
(0, 3, '2022-07-03 10:51:08'),
(0, 1, '2022-07-03 10:54:30'),
(0, 2, '2022-07-03 10:54:30'),
(0, 3, '2022-07-03 10:54:30'),
(0, 1, '2022-07-03 10:56:07'),
(0, 2, '2022-07-03 10:56:07'),
(0, 3, '2022-07-03 10:56:07'),
(0, 1, '2022-07-03 10:57:09'),
(0, 2, '2022-07-03 10:57:09'),
(0, 3, '2022-07-03 10:57:09'),
(0, 1, '2022-07-03 10:57:32'),
(0, 2, '2022-07-03 10:57:32'),
(0, 3, '2022-07-03 10:57:32'),
(0, 1, '2022-07-03 10:58:33'),
(0, 2, '2022-07-03 10:58:33'),
(0, 3, '2022-07-03 10:58:33'),
(0, 1, '2022-07-03 11:00:38'),
(0, 2, '2022-07-03 11:00:38'),
(0, 3, '2022-07-03 11:00:38'),
(0, 1, '2022-07-03 11:02:09'),
(0, 2, '2022-07-03 11:02:09'),
(0, 3, '2022-07-03 11:02:09'),
(0, 1, '2022-07-03 11:02:44'),
(0, 2, '2022-07-03 11:02:44'),
(0, 3, '2022-07-03 11:02:44'),
(0, 1, '2022-07-03 11:21:32'),
(0, 2, '2022-07-03 11:21:32'),
(0, 3, '2022-07-03 11:21:32'),
(0, 22, '2022-07-03 11:21:32'),
(0, 4, '2022-07-03 11:21:32'),
(0, 5, '2022-07-03 11:21:32'),
(0, 6, '2022-07-03 11:21:32'),
(0, 7, '2022-07-03 11:21:32'),
(0, 8, '2022-07-03 11:21:32'),
(0, 22, '2022-07-03 11:21:58'),
(0, 4, '2022-07-03 11:21:58'),
(0, 5, '2022-07-03 11:21:58'),
(0, 7, '2022-07-03 11:22:10'),
(0, 8, '2022-07-03 11:22:10'),
(0, 9, '2022-07-03 11:22:10'),
(0, 10, '2022-07-03 11:22:10'),
(0, 11, '2022-07-03 11:22:10'),
(0, 12, '2022-07-03 11:22:43'),
(0, 15, '2022-07-03 11:22:43'),
(0, 24, '2022-07-03 11:22:43'),
(0, 4, '2022-07-03 11:23:24'),
(0, 5, '2022-07-03 11:23:24'),
(0, 6, '2022-07-03 11:23:24'),
(0, 6, '2022-07-03 11:23:36'),
(0, 7, '2022-07-03 11:23:36'),
(0, 8, '2022-07-03 11:23:36'),
(0, 9, '2022-07-03 11:23:36'),
(0, 7, '2022-07-03 11:24:20'),
(0, 8, '2022-07-03 11:24:20'),
(0, 9, '2022-07-03 11:24:20'),
(0, 10, '2022-07-03 11:24:20'),
(0, 11, '2022-07-03 11:24:20'),
(0, 4, '2022-07-03 11:26:05'),
(0, 5, '2022-07-03 11:26:05'),
(0, 7, '2022-07-03 11:26:05'),
(0, 8, '2022-07-03 11:26:05'),
(0, 9, '2022-07-03 11:26:05'),
(0, 10, '2022-07-03 11:26:05'),
(0, 22, '2022-07-03 11:28:32'),
(0, 4, '2022-07-03 11:28:32'),
(0, 5, '2022-07-03 11:28:32'),
(0, 5, '2022-07-03 11:29:13'),
(0, 6, '2022-07-03 11:29:13'),
(0, 7, '2022-07-03 11:29:21'),
(0, 4, '2022-07-03 11:30:32'),
(0, 4, '2022-07-03 11:32:40'),
(0, 1, '2022-07-03 11:32:55'),
(0, 2, '2022-07-03 11:32:55'),
(0, 3, '2022-07-03 11:32:55'),
(0, 22, '2022-07-03 11:32:55'),
(0, 4, '2022-07-03 11:32:55'),
(0, 5, '2022-07-03 11:32:55'),
(0, 6, '2022-07-03 11:32:55'),
(0, 7, '2022-07-03 11:32:55'),
(0, 8, '2022-07-03 11:32:55'),
(0, 9, '2022-07-03 11:32:55'),
(0, 10, '2022-07-03 11:32:55'),
(0, 11, '2022-07-03 11:32:55'),
(0, 12, '2022-07-03 11:32:55'),
(0, 15, '2022-07-03 11:32:55'),
(0, 24, '2022-07-03 11:32:55'),
(0, 8, '2022-07-03 12:27:45'),
(0, 8, '2022-07-03 12:53:44'),
(0, 1, '2022-07-03 12:54:07'),
(0, 4, '2022-07-03 12:54:07'),
(0, 1, '2022-07-03 12:54:46'),
(0, 4, '2022-07-03 13:08:26'),
(0, 8, '2022-07-03 13:08:26'),
(0, 10, '2022-07-03 13:08:26'),
(0, 22, '2022-07-03 13:11:35'),
(0, 5, '2022-07-03 13:11:35'),
(0, 12, '2022-07-03 13:11:35'),
(0, 2, '2022-07-03 13:21:05'),
(0, 22, '2022-07-03 13:21:05'),
(0, 2, '2022-07-03 13:22:09'),
(0, 22, '2022-07-03 13:22:09'),
(0, 1, '2022-07-03 13:22:36'),
(0, 22, '2022-07-03 13:22:36'),
(0, 1, '2022-07-03 13:23:19'),
(0, 22, '2022-07-03 13:23:19'),
(0, 2, '2022-07-03 13:46:09'),
(0, 1, '2022-07-03 14:43:05'),
(0, 22, '2022-07-03 14:43:05'),
(0, 1, '2022-07-03 14:43:35'),
(0, 22, '2022-07-03 14:43:35'),
(0, 1, '2022-07-03 14:48:07'),
(0, 1, '2022-07-03 14:49:11'),
(0, 1, '2022-07-03 14:49:27'),
(0, 22, '2022-07-03 14:49:27'),
(0, 22, '2022-07-03 14:49:42'),
(0, 1, '2022-07-03 14:50:57'),
(0, 22, '2022-07-03 14:50:57'),
(0, 1, '2022-07-03 14:51:58'),
(0, 1, '2022-07-03 14:52:19'),
(0, 1, '2022-07-03 14:52:27'),
(0, 22, '2022-07-03 14:52:36'),
(0, 24, '2022-07-03 14:52:41'),
(0, 1, '2022-07-03 14:52:52'),
(0, 22, '2022-07-03 14:52:52'),
(0, 1, '2022-07-03 14:57:50'),
(0, 22, '2022-07-03 14:57:56'),
(0, 1, '2022-07-03 14:58:03'),
(0, 22, '2022-07-03 14:58:03'),
(0, 1, '2022-07-03 14:58:28'),
(0, 1, '2022-07-03 14:58:57'),
(0, 22, '2022-07-03 14:59:03'),
(0, 1, '2022-07-03 14:59:12'),
(0, 22, '2022-07-03 14:59:12'),
(0, 1, '2022-07-03 15:00:40'),
(0, 1, '2022-07-03 15:03:31'),
(0, 1, '2022-07-03 15:03:44'),
(0, 22, '2022-07-03 15:03:44'),
(0, 1, '2022-07-03 15:03:57'),
(0, 7, '2022-07-03 15:03:57'),
(0, 1, '2022-07-03 15:28:47'),
(0, 1, '2022-07-03 15:29:09'),
(0, 2, '2022-07-03 15:29:21'),
(0, 22, '2022-07-03 15:29:21'),
(0, 2, '2022-07-03 15:29:36'),
(0, 22, '2022-07-03 15:29:36'),
(0, 8, '2022-07-03 15:29:36'),
(0, 24, '2022-07-03 15:29:36'),
(0, 1, '2022-07-03 15:30:01'),
(0, 1, '2022-07-03 15:30:09'),
(0, 22, '2022-07-03 15:30:09'),
(0, 1, '2022-07-03 15:30:18'),
(0, 5, '2022-07-03 15:30:18'),
(0, 24, '2022-07-03 15:30:18'),
(0, 1, '2022-07-03 15:30:35'),
(0, 4, '2022-07-03 15:30:35'),
(0, 8, '2022-07-03 15:30:35'),
(0, 12, '2022-07-03 15:30:35'),
(0, 15, '2022-07-03 15:30:35'),
(0, 24, '2022-07-03 15:30:35'),
(0, 1, '2022-07-04 09:12:47'),
(0, 11, '2022-07-04 09:12:47'),
(0, 24, '2022-07-04 09:12:47'),
(0, 2, '2022-07-04 09:24:47'),
(0, 2, '2022-07-04 09:25:18'),
(0, 4, '2022-07-04 09:25:18'),
(0, 3, '2022-07-04 09:25:53'),
(0, 22, '2022-07-04 09:25:53'),
(0, 4, '2022-07-04 09:25:53'),
(0, 12, '2022-07-04 09:25:53'),
(0, 24, '2022-07-04 09:25:53');

-- --------------------------------------------------------

--
-- Table structure for table `kerusakan`
--

CREATE TABLE `kerusakan` (
  `id` int(11) NOT NULL,
  `kode_kerusakan` char(4) NOT NULL,
  `nama_kerusakan` varchar(50) NOT NULL,
  `keterangan` text NOT NULL,
  `solusi` varchar(150) NOT NULL
) ENGINE=InnoDB DEFAULT CHARSET=utf8mb4;

--
-- Dumping data for table `kerusakan`
--

INSERT INTO `kerusakan` (`id`, `kode_kerusakan`, `nama_kerusakan`, `keterangan`, `solusi`) VALUES
(1, 'K001', 'Windows Crash', 'Windows Crash terjadi saat pc mengalamai freeze atau mengalami blue screen. hal itu merupakan penyebab yang paling umum terjadi. malware juga bisa menjadi penyebab windows crash.', 'Jika windows sedang dalam update cobalah untuk menunggu dan jangan langsung dimatikan atau direstart, maka itu akan menyebabkan data corrupt. segera b'),
(2, 'K002', 'Mati total', 'Mati Total terjadi karena komputer yang sudah berumur, kurang dijaga kebersihannya, atau sering digunakan untuk membuka aplikasi atau game berat.', 'Pastikan arus listrik aman dan tidak bermasalah, setelah itu periksa kabel CPU dengan cara memeriksa kabel power yang terhubung dengan power supply. P'),
(5, 'K003', 'Layar monitor tidak menyala', 'Layar montior tidak menyala terjadi pada saat komputer telah dihidupkan namun kondisi monitor tetap tidak menyala dan tidak menampilkan apa-apa. ', 'Cek RAM anda, jika mengeluarkan bunyi beep panjang maka cobalah untuk mengecek kondisi RAM dan bersihkan dari debu sampai bersih. atau Cek juga VGA an'),
(10, 'K004', 'DVD tidak terbaca/rusak', 'Kondisi ini terjadi  saat kaset CD/DVD yang dimasukkan tidak terdeteksi atau tidak terbaca, hal ini juga DVD tidak bisa baca/tulis data.  ', 'Solusinya adalah mengganti DVD drive tersebut atau membeli DVD eksternal '),
(11, 'K005', 'PC Hang', 'PC Hang terjadi karena penggunaan aplikasi yang terlalu banyak sehingga mengalami Hang yang kerap terjadi adalah Not Responding. ', 'solusi dari permasalahan ini adalah menutup semua aplikasi yang sedang digunakan lalu membuka kembali selang beberapa menit, jika hal yang sama masih ');

-- --------------------------------------------------------

--
-- Table structure for table `nilai_cf`
--

CREATE TABLE `nilai_cf` (
  `id` int(11) NOT NULL,
  `gejala_id` int(11) NOT NULL,
  `kerusakan_id` int(11) NOT NULL,
  `md` float NOT NULL,
  `mb` float NOT NULL
) ENGINE=InnoDB DEFAULT CHARSET=utf8mb4;

--
-- Dumping data for table `nilai_cf`
--

INSERT INTO `nilai_cf` (`id`, `gejala_id`, `kerusakan_id`, `md`, `mb`) VALUES
(1, 1, 1, 0.1, 0.9),
(2, 2, 1, 0.1, 0.9),
(3, 3, 1, 0.2, 0.8),
(8, 4, 2, 0.4, 0.6),
(9, 5, 2, 0.1, 0.9),
(10, 6, 2, 0.2, 0.8),
(13, 22, 2, 0.1, 0.9),
(14, 4, 5, 0.1, 0.9),
(15, 7, 5, 0.3, 0.7),
(16, 1, 1, 0.3, 1),
(17, 8, 5, 0.3, 1),
(18, 9, 5, 0.5, 1),
(19, 10, 5, 0.3, 0.7),
(20, 11, 5, 0.3, 1),
(21, 9, 2, 0.3, 0.7),
(22, 12, 10, 0.1, 0.9),
(23, 15, 10, 0.3, 0.7),
(25, 24, 10, 0.2, 0.8),
(26, 10, 2, 0.2, 0.5);

-- --------------------------------------------------------

--
-- Table structure for table `pengguna`
--

CREATE TABLE `pengguna` (
  `kode_user` char(5) NOT NULL,
  `username` varchar(50) NOT NULL,
  `nama` varchar(100) NOT NULL,
  `password` varchar(50) NOT NULL,
  `level` enum('Admin','Pakar') NOT NULL
) ENGINE=InnoDB DEFAULT CHARSET=utf8mb4;

--
-- Dumping data for table `pengguna`
--

INSERT INTO `pengguna` (`kode_user`, `username`, `nama`, `password`, `level`) VALUES
('USR01', 'admin', 'Julian Semith ', 'd033e22ae348aeb5660fc2140aec35850c4da997', 'Admin'),
('USR02', 'Adipati', 'Alfan Saepulloh', 'f345e848ae336159d6df0a00d77bea382eaf44b9', 'Pakar'),
('USR03', 'alfan', 'Alfan Saepulloh', 'f345e848ae336159d6df0a00d77bea382eaf44b9', 'Pakar');

--
-- Indexes for dumped tables
--

--
-- Indexes for table `gejala`
--
ALTER TABLE `gejala`
  ADD PRIMARY KEY (`id`);

--
-- Indexes for table `hasil_diagnosa`
--
ALTER TABLE `hasil_diagnosa`
  ADD PRIMARY KEY (`id`);

--
-- Indexes for table `kerusakan`
--
ALTER TABLE `kerusakan`
  ADD PRIMARY KEY (`id`);

--
-- Indexes for table `nilai_cf`
--
ALTER TABLE `nilai_cf`
  ADD PRIMARY KEY (`id`),
  ADD KEY `gejala_id` (`gejala_id`),
  ADD KEY `kerusakan_id` (`kerusakan_id`);

--
-- Indexes for table `pengguna`
--
ALTER TABLE `pengguna`
  ADD PRIMARY KEY (`kode_user`);

--
-- AUTO_INCREMENT for dumped tables
--

--
-- AUTO_INCREMENT for table `gejala`
--
ALTER TABLE `gejala`
  MODIFY `id` int(11) NOT NULL AUTO_INCREMENT, AUTO_INCREMENT=25;

--
-- AUTO_INCREMENT for table `hasil_diagnosa`
--
ALTER TABLE `hasil_diagnosa`
  MODIFY `id` int(11) NOT NULL AUTO_INCREMENT, AUTO_INCREMENT=219;

--
-- AUTO_INCREMENT for table `kerusakan`
--
ALTER TABLE `kerusakan`
  MODIFY `id` int(11) NOT NULL AUTO_INCREMENT, AUTO_INCREMENT=13;

--
-- AUTO_INCREMENT for table `nilai_cf`
--
ALTER TABLE `nilai_cf`
  MODIFY `id` int(11) NOT NULL AUTO_INCREMENT, AUTO_INCREMENT=27;

--
-- Constraints for dumped tables
--

--
-- Constraints for table `nilai_cf`
--
ALTER TABLE `nilai_cf`
  ADD CONSTRAINT `nilai_cf_ibfk_1` FOREIGN KEY (`gejala_id`) REFERENCES `gejala` (`id`) ON DELETE CASCADE ON UPDATE CASCADE,
  ADD CONSTRAINT `nilai_cf_ibfk_2` FOREIGN KEY (`kerusakan_id`) REFERENCES `kerusakan` (`id`);
COMMIT;

/*!40101 SET CHARACTER_SET_CLIENT=@OLD_CHARACTER_SET_CLIENT */;
/*!40101 SET CHARACTER_SET_RESULTS=@OLD_CHARACTER_SET_RESULTS */;
/*!40101 SET COLLATION_CONNECTION=@OLD_COLLATION_CONNECTION */;
